{"firstname":"Maurice","middlename":"M","lastname":"Stephan","profession":"Web Developer","introduction":"A paragraph is a series of related sentences developing a central idea, called the topic. Try to think about paragraphs in terms of thematic unity","programs":[],"program_dates":[],"universities":[],"degree_types":[],"exp_names":[],"exp_titles":[],"exp_details":[],"exp_date":[],"project_names":[],"project_details":[],"project_date":[],"selected_skills":[],"selected_interests":[],"mobile_numb":"","email":"","instagram":"","linkedin":"","twitter":"","github":"","facebook":"","youtube":"","color_theme":"green"}